INSERT INTO `clothing_store`.`items` (`name`, `price`, `description`, `category`, `gender`, `material`, `color`) VALUES
('Black Blazer', 99.00, 'A classic black blazer for formal occasions', 'BLAZER', 'MALE', 'WOOL', 'BLACK'),
('Red Jacket', 79.23, 'A stylish red jacket for a casual look', 'JACKET', 'FEMALE', 'COTTON', 'RED'),
('Brown Shirt', 12.99, 'A comfortable brown shirt for everyday wear', 'SHIRT', 'MALE', 'LINEN', 'BROWN'),
('White T-Shirt', 29.55, 'A basic white t-shirt for a versatile outfit', 'T_SHIRT', 'FEMALE', 'COTTON', 'WHITE'),
('Grey Overshirt', 59.99, 'A trendy grey overshirt for layering', 'OVERSHIRT', 'MALE', 'DENIM', 'GREY'),
('Blue Dress', 66.25, 'A beautiful blue dress for special occasions', 'DRESS', 'FEMALE', 'POLYESTER', 'BLUE'),
('Black Trousers', 69.25, 'Classic black trousers for a formal look', 'TROUSERS', 'MALE', 'WOOL', 'BLACK'),
('Red Skirt', 55.75, 'A stylish red skirt for a feminine touch', 'SKIRT', 'FEMALE', 'COTTON', 'RED'),
('Grey Blazer', 99.75, 'A sophisticated grey blazer for professional attire', 'BLAZER', 'MALE', 'WOOL', 'GREY'),
('White Jacket', 79.75, 'A lightweight white jacket for a chic look', 'JACKET', 'FEMALE', 'LINEN', 'WHITE'),
('Black Shirt', 49.90, 'A classic black shirt for versatile styling', 'SHIRT', 'MALE', 'COTTON', 'BLACK'),
('Blue T-Shirt', 29.10, 'A comfortable blue t-shirt for casual wear', 'T_SHIRT', 'FEMALE', 'COTTON', 'BLUE'),
('Brown Overshirt', 59.99, 'A warm brown overshirt for colder days', 'OVERSHIRT', 'MALE', 'WOOL', 'BROWN'),
('Pink Dress', 89.99, 'A beautiful pink dress for a feminine look', 'DRESS', 'FEMALE', 'POLYESTER', 'PINK'),
('Grey Trousers', 69.99, 'Stylish grey trousers for a smart-casual outfit', 'TROUSERS', 'MALE', 'COTTON', 'GREY'),
('Black Skirt', 59.99, 'A versatile black skirt for various occasions', 'SKIRT', 'FEMALE', 'LINEN', 'BLACK'),
('Blue Blazer', 99.99, 'A modern blue blazer for a stylish ensemble', 'BLAZER', 'MALE', 'WOOL', 'BLUE'),
('White Jacket', 79.99, 'A classic white jacket for a timeless look', 'JACKET', 'FEMALE', 'LINEN', 'WHITE'),
('Red Shirt', 49.99, 'A vibrant red shirt to make a statement', 'SHIRT', 'MALE', 'COTTON', 'RED'),
('Green T-Shirt', 29.99, 'A comfortable green t-shirt for a casual vibe', 'T_SHIRT', 'FEMALE', 'COTTON', 'GREEN'),
('Grey Overshirt', 59.99, 'A versatile grey overshirt for everyday wear', 'OVERSHIRT', 'MALE', 'DENIM', 'GREY'),
('Printed Dress', 89.99, 'A stylish printed dress for a unique look', 'DRESS', 'FEMALE', 'POLYESTER', 'PRINTED'),
('Black Trousers', 69.99, 'Classic black trousers for a polished appearance', 'TROUSERS', 'MALE', 'WOOL', 'BLACK'),
('Yellow Skirt', 59.99, 'A vibrant yellow skirt to brighten up your outfit', 'SKIRT', 'FEMALE', 'COTTON', 'YELLOW'),
('Blue Blazer', 99.99, 'A versatile blue blazer for various occasions', 'BLAZER', 'MALE', 'WOOL', 'BLUE'),
('White Jacket', 79.99, 'A lightweight white jacket for a fresh look', 'JACKET', 'FEMALE', 'LINEN', 'WHITE'),
('Black Shirt', 49.99, 'A classic black shirt for a timeless style', 'SHIRT', 'MALE', 'COTTON', 'BLACK'),
('Orange T-Shirt', 29.99, 'A bright orange t-shirt for a pop of color', 'T_SHIRT', 'FEMALE', 'COTTON', 'ORANGE'),
('Grey Overshirt', 59.99, 'A cozy grey overshirt for a relaxed outfit', 'OVERSHIRT', 'MALE', 'DENIM', 'GREY'),
('Blue Dress', 89.99, 'A stunning blue dress for an elegant look', 'DRESS', 'FEMALE', 'POLYESTER', 'BLUE'),
('Black Trousers', 69.99, 'Black trousers for a sleek and professional appearance', 'TROUSERS', 'MALE', 'WOOL', 'BLACK'),
('Printed Skirt', 59.99, 'A printed skirt for a unique and trendy outfit', 'SKIRT', 'FEMALE', 'COTTON', 'PRINTED'),
('Brown Blazer', 68.99, 'A stylish brown blazer for a sophisticated touch', 'BLAZER', 'MALE', 'WOOL', 'BROWN'),
('White Jacket', 79.99, 'A versatile white jacket for various styles', 'JACKET', 'FEMALE', 'LINEN', 'WHITE'),
('Black Shirt', 49.99, 'A classic black shirt for a versatile wardrobe', 'SHIRT', 'MALE', 'COTTON', 'BLACK'),
('Yellow T-Shirt', 29.99, 'A sunny yellow t-shirt for a cheerful look', 'T_SHIRT', 'FEMALE', 'COTTON', 'YELLOW'),
('Grey Overshirt', 59.99, 'A trendy grey overshirt for a modern outfit', 'OVERSHIRT', 'MALE', 'DENIM', 'GREY'),
('Pink Dress', 89.99, 'A lovely pink dress for a feminine and romantic style', 'DRESS', 'FEMALE', 'POLYESTER', 'PINK'),
('Black Trousers', 69.99, 'Classic black trousers for a timeless appeal', 'TROUSERS', 'MALE', 'WOOL', 'BLACK'),
('Blue Skirt', 59.99, 'A versatile blue skirt for various occasions', 'SKIRT', 'FEMALE', 'LINEN', 'BLUE');


INSERT INTO `clothing_store`.`item_details` (`made_in`, `eco_percent`, `iron_temperature`, `items_id`)
VALUES
    ('USA', 50, 120, 1),
    ('Vietnam', 25, 110, 2),
    ('Italy', 12, 22, 3),
    ('USA', 75, 100, 4),
    ('USA', 20, 55, 5),
    ('France', 50, 110, 6),
    ('Romania', 30, 120, 7),
    ('China', 40, 100, 8),
    ('USA', 55, 55, 9),
    ('Italy', 60, 110, 10),
    ('China', 100, 66, 11),
    ('USA', 80, 100, 12),
    ('Italy', 20, 110, 13),
    ('Hungary', 70, 120, 14),
    ('USA', 40, 110, 15),
    ('China', 60, 100, 16),
    ('Italy', 66, 25, 17),
    ('USA', 50, 120, 18),
    ('Italy', 24, 24, 19),
    ('USA', 75, 100, 20),
    ('USA', 65, 55, 21),
    ('France', 50, 110, 22),
    ('Italy', 30, 120, 23),
    ('China', 40, 100, 24),
    ('Romania', 55, 87, 25),
    ('Italy', 60, 110, 26),
    ('China', 87, 44, 27),
    ('USA', 80, 100, 28),
    ('Denmark', 20, 110, 29),
    ('France', 70, 120, 30),
    ('USA', 40, 110, 31),
    ('Spain', 50, 120, 32),
    ('China', 25, 110, 33),
    ('Italy', 40, 100, 34),
    ('Russia', 75, 100, 35),
    ('USA', 67, 11, 36),
    ('Spain', 50, 110, 37),
    ('Italy', 30, 120, 38),
    ('China', 40, 100, 39),
    ('USA', 12, 70, 40);

INSERT INTO `clothing_store`.`customers` (`first_name`, `last_name`, `address`)
VALUES
('Ioan', 'Petcutiu', 'Bihor, Oradea, 455'),
('Silvia', 'Fenechiu', 'Timis, Timisoara, 555'),
('Darius', 'Balan', 'Arad, Ineu, 788'),
('Anastasia', 'Docan', 'Bucuresti, 788'),
('Alexandru', 'Macedon', 'Timis, Timisoara 788'),
('Lucian', 'Blaga', 'Bucuresti, 23'),
('Paula', 'Turcan', 'Bucuresti, 411'),
('Mihaela', 'Gruia', 'Arad, Siria 788'),




INSERT INTO `clothing_store`.`stocks` (`items_id`, `quantity`)
VALUES
  (1, 10),
  (2, 35),
  (3, 20),
  (4, 5),
  (5, 48),
  (6, 30),
  (7, 15),
  (8, 40),
  (9, 25),
  (10, 3),
  (11, 17),
  (12, 42),
  (13, 8),
  (14, 28),
  (15, 50),
  (16, 22),
  (17, 12),
  (18, 38),
  (19, 19),
  (20, 1),
  (21, 31),
  (22, 45),
  (23, 2),
  (24, 11),
  (25, 47),
  (26, 33),
  (27, 6),
  (28, 39),
  (29, 14),
  (30, 24),
  (31, 50),
  (32, 29),
  (33, 7),
  (34, 44),
  (35, 13),
  (36, 36),
  (37, 16),
  (38, 49),
  (39, 21),
  (40, 4);
